timestamp,open,high,low,close
2025-11-01 00:30:00,3848.0,3849.98,3831.0,3847.52
2025-11-01 01:30:00,3847.52,3860.91,3843.0,3844.17
2025-11-01 02:00:00,3844.16,3848.6,3836.67,3847.3
2025-11-01 02:30:00,3847.3,3855.02,3838.96,3852.26
2025-11-01 03:00:00,3852.27,3859.1,3851.52,3856.49
2025-11-01 03:30:00,3856.49,3864.43,3854.95,3861.38
2025-11-01 04:00:00,3861.38,3868.85,3855.36,3862.73
2025-11-01 05:00:00,3862.73,3869.55,3858.22,3864.19
2025-11-01 05:30:00,3864.18,3866.6,3853.67,3855.47
2025-11-01 06:00:00,3855.47,3859.45,3852.96,3855.18
2025-11-01 06:30:00,3855.18,3861.35,3853.12,3858.65
2025-11-01 07:30:00,3858.65,3867.41,3856.71,3860.84
2025-11-01 08:00:00,3860.84,3870.5,3860.73,3867.46
2025-11-01 13:00:00,3867.47,3882.94,3866.49,3874.93
2025-11-01 14:30:00,3874.93,3877.0,3858.11,3873.42
2025-11-01 15:30:00,3873.41,3902.0,3871.4,3895.15
2025-11-01 16:30:00,3895.15,3909.39,3886.01,3892.23
2025-11-01 17:00:00,3892.24,3894.24,3868.82,3869.4
2025-11-01 17:30:00,3869.4,3875.85,3862.92,3865.96
2025-11-01 18:00:00,3865.96,3877.44,3863.95,3870.39
2025-11-01 19:00:00,3870.4,3880.72,3869.56,3874.07
2025-11-01 19:30:00,3874.08,3880.9,3871.21,3879.99
2025-11-01 20:00:00,3880.0,3889.21,3879.0,3889.21
2025-11-01 20:30:00,3889.2,3891.6,3879.79,3881.49
2025-11-01 21:30:00,3881.5,3884.49,3867.67,3867.68
2025-11-01 22:00:00,3867.67,3874.33,3864.31,3870.74
2025-11-01 22:30:00,3870.73,3875.88,3869.2,3874.68
2025-11-01 23:00:00,3874.67,3875.79,3868.9,3874.03
2025-11-01 23:30:00,3874.04,3876.92,3871.06,3873.77
2025-11-02 00:00:00,3873.78,3874.06,3865.33,3866.58
2025-11-02 00:30:00,3866.57,3870.51,3861.71,3866.26
2025-11-02 01:00:00,3866.27,3874.44,3862.12,3874.41
2025-11-02 01:30:00,3874.41,3876.92,3867.4,3872.09
2025-11-02 02:00:00,3872.09,3877.74,3868.5,3875.28
2025-11-02 03:30:00,3875.28,3886.85,3875.27,3880.63
2025-11-02 04:00:00,3880.62,3887.5,3876.01,3885.42
2025-11-02 07:00:00,3885.42,3913.58,3883.35,3894.89
2025-11-02 09:00:00,3894.89,3918.23,3892.53,3900.0
2025-11-02 09:30:00,3900.0,3900.0,3869.0,3872.82
2025-11-02 10:30:00,3872.82,3876.07,3853.76,3863.3
2025-11-02 11:00:00,3863.29,3884.0,3862.31,3881.2
2025-11-02 11:30:00,3881.2,3897.74,3880.91,3891.31
2025-11-02 12:00:00,3891.31,3895.41,3879.49,3883.0
2025-11-02 12:30:00,3883.0,3887.16,3871.78,3877.51
2025-11-02 13:30:00,3877.5,3877.75,3855.07,3868.34
2025-11-02 22:30:00,3868.33,3873.47,3839.12,3854.5
2025-11-02 23:00:00,3854.51,3882.69,3854.51,3874.17
2025-11-03 00:00:00,3874.17,3916.27,3872.2,3893.99
2025-11-03 00:30:00,3893.99,3897.4,3863.27,3865.11
2025-11-03 01:00:00,3865.12,3865.12,3841.15,3848.51
2025-11-03 01:30:00,3848.51,3852.58,3828.59,3837.47
2025-11-03 02:00:00,3837.48,3842.18,3812.03,3813.76
2025-11-03 02:30:00,3813.77,3813.77,3787.41,3799.38
2025-11-03 03:00:00,3799.38,3807.28,3740.0,3752.27
2025-11-03 03:30:00,3752.26,3761.11,3728.09,3736.23
2025-11-03 04:00:00,3736.23,3744.94,3715.69,3738.35
2025-11-03 04:30:00,3738.35,3749.35,3729.49,3746.75
2025-11-03 05:00:00,3746.74,3765.46,3745.17,3757.38
2025-11-03 05:30:00,3757.39,3759.19,3728.01,3731.94
2025-11-03 06:00:00,3731.94,3741.01,3717.0,3724.02
2025-11-03 06:30:00,3724.02,3731.49,3684.0,3718.5
2025-11-03 07:00:00,3718.5,3733.53,3699.19,3726.91
2025-11-03 07:30:00,3726.91,3736.84,3703.12,3714.58
2025-11-03 08:30:00,3714.54,3720.1,3683.65,3716.42
2025-11-03 09:00:00,3716.42,3740.0,3703.46,3713.71
2025-11-03 10:00:00,3713.7,3720.0,3696.0,3717.64
2025-11-03 10:30:00,3717.63,3717.63,3662.88,3675.99
2025-11-03 11:30:00,3675.99,3724.97,3673.04,3711.68
2025-11-03 12:30:00,3711.68,3728.64,3705.0,3709.34
2025-11-03 13:00:00,3709.33,3716.65,3693.97,3705.63
2025-11-03 13:30:00,3705.64,3728.77,3705.63,3720.38
2025-11-03 14:00:00,3720.38,3748.64,3720.21,3722.76
2025-11-03 15:00:00,3722.76,3739.7,3626.32,3636.79
2025-11-03 15:30:00,3636.78,3640.7,3582.29,3588.89
2025-11-03 16:30:00,3588.89,3627.49,3564.13,3619.22
2025-11-03 17:00:00,3619.22,3669.44,3612.34,3640.05
2025-11-03 18:00:00,3640.06,3682.35,3638.64,3652.11
2025-11-03 18:30:00,3652.11,3658.0,3630.82,3632.45
2025-11-03 19:00:00,3632.45,3647.95,3620.49,3624.09
2025-11-03 19:30:00,3624.09,3649.04,3623.93,3631.5
2025-11-03 20:00:00,3631.5,3636.69,3594.94,3602.46
2025-11-03 20:30:00,3602.46,3616.7,3562.74,3587.97
2025-11-04 00:00:00,3587.96,3615.44,3558.82,3568.09
2025-11-04 00:30:00,3568.09,3636.47,3568.09,3618.13
2025-11-04 01:00:00,3618.14,3644.0,3607.08,3629.38
2025-11-04 02:00:00,3629.39,3654.54,3627.24,3635.16
2025-11-04 02:30:00,3635.15,3640.11,3619.0,3626.1
2025-11-04 03:00:00,3626.1,3650.19,3621.04,3646.19
2025-11-04 03:30:00,3646.19,3651.26,3638.05,3642.29
2025-11-04 04:00:00,3642.3,3647.95,3634.46,3637.67
2025-11-04 04:30:00,3637.68,3644.18,3620.81,3625.16
2025-11-04 05:00:00,3625.16,3631.5,3557.91,3562.45
2025-11-04 05:30:00,3562.45,3562.45,3485.2,3492.08
2025-11-04 07:00:00,3492.09,3562.27,3478.49,3483.97
2025-11-04 07:30:00,3483.97,3506.24,3474.1,3494.56
2025-11-04 08:00:00,3494.56,3498.2,3460.3,3491.05
2025-11-04 08:30:00,3491.05,3512.72,3487.1,3495.83
2025-11-04 10:00:00,3495.82,3503.03,3476.4,3485.29
2025-11-04 10:30:00,3485.29,3494.01,3473.5,3485.74
2025-11-04 11:00:00,3485.74,3525.63,3483.84,3509.86
2025-11-04 11:30:00,3509.85,3534.0,3507.59,3529.52
2025-11-04 12:00:00,3529.53,3532.28,3503.41,3509.29
2025-11-04 13:00:00,3509.28,3520.62,3493.81,3499.66
2025-11-04 13:30:00,3499.66,3523.52,3498.0,3507.37
2025-11-04 14:30:00,3507.37,3563.14,3474.0,3555.94
2025-11-04 15:00:00,3555.97,3587.66,3543.61,3564.02
2025-11-04 15:30:00,3564.02,3564.02,3496.0,3507.58
2025-11-04 16:00:00,3507.59,3520.58,3458.0,3477.17
2025-11-04 16:30:00,3477.17,3489.68,3425.53,3429.62
2025-11-04 17:30:00,3429.63,3429.72,3362.7,3373.33
2025-11-04 18:00:00,3373.32,3374.56,3313.0,3320.39
2025-11-04 19:00:00,3320.38,3326.19,3256.0,3292.83
2025-11-04 19:30:00,3292.82,3298.84,3226.16,3230.94
2025-11-04 21:00:00,3230.94,3252.42,3125.0,3164.63
2025-11-04 21:30:00,3164.62,3216.5,3057.0,3214.87
2025-11-04 22:00:00,3214.88,3272.4,3198.67,3259.99
2025-11-04 22:30:00,3259.99,3289.84,3227.33,3247.2
2025-11-05 00:00:00,3247.19,3304.49,3242.24,3255.24
2025-11-05 00:30:00,3255.24,3259.21,3228.97,3240.47
2025-11-05 01:00:00,3240.46,3242.36,3166.66,3180.82
2025-11-05 01:30:00,3180.82,3254.9,3168.59,3243.67
2025-11-05 02:00:00,3243.67,3286.43,3243.67,3266.99
2025-11-05 02:30:00,3266.99,3326.39,3260.0,3324.94
2025-11-05 03:00:00,3324.94,3334.43,3305.76,3329.07
2025-11-05 03:30:00,3329.06,3349.12,3324.66,3334.83
2025-11-05 04:30:00,3334.83,3345.96,3314.0,3329.48
2025-11-05 05:00:00,3329.47,3354.6,3327.0,3333.78
2025-11-05 05:30:00,3333.79,3345.12,3324.44,3326.14
2025-11-05 06:30:00,3326.13,3341.6,3310.64,3337.13
2025-11-05 07:00:00,3337.13,3338.28,3300.89,3320.28
2025-11-05 07:30:00,3320.28,3342.06,3317.39,3331.08
2025-11-05 08:00:00,3331.09,3331.09,3284.54,3292.96
2025-11-05 08:30:00,3292.95,3311.68,3282.78,3300.85
2025-11-05 09:30:00,3300.84,3322.04,3292.97,3307.53
2025-11-05 10:00:00,3307.53,3308.04,3285.06,3296.43
2025-11-05 10:30:00,3296.43,3302.03,3274.54,3276.55
2025-11-05 11:00:00,3276.59,3309.0,3276.06,3299.92
2025-11-05 11:30:00,3299.93,3325.0,3297.61,3322.55
2025-11-05 13:00:00,3322.58,3359.0,3312.93,3331.51
2025-11-05 14:00:00,3331.52,3375.79,3328.04,3340.83
2025-11-05 14:30:00,3340.83,3362.47,3319.44,3348.92
2025-11-05 15:00:00,3348.93,3369.15,3334.19,3358.44
2025-11-05 15:30:00,3358.44,3399.19,3357.0,3398.36
2025-11-05 16:00:00,3398.37,3406.68,3370.82,3390.17
2025-11-05 16:30:00,3390.17,3440.11,3387.58,3437.93
2025-11-05 17:00:00,3437.94,3446.25,3418.41,3437.48
2025-11-05 18:00:00,3437.47,3447.42,3423.06,3441.83
2025-11-05 19:30:00,3441.83,3479.16,3438.78,3455.12
2025-11-05 20:00:00,3455.11,3480.46,3453.2,3458.0
2025-11-05 20:30:00,3457.99,3467.91,3441.31,3450.98
2025-11-05 21:00:00,3450.98,3450.98,3430.05,3436.81
2025-11-05 21:30:00,3436.8,3451.3,3432.13,3442.36
2025-11-05 23:30:00,3442.37,3445.18,3415.29,3424.29
2025-11-06 00:00:00,3424.29,3424.3,3395.88,3403.74
2025-11-06 00:30:00,3403.73,3409.73,3392.83,3407.6
2025-11-06 01:00:00,3407.59,3407.59,3375.13,3381.3
2025-11-06 01:30:00,3381.3,3410.78,3381.3,3405.38
2025-11-06 02:00:00,3405.38,3416.5,3392.3,3397.4
2025-11-06 02:30:00,3397.41,3429.99,3396.07,3422.13
2025-11-06 04:00:00,3422.13,3450.5,3421.31,3439.28
2025-11-06 04:30:00,3439.28,3456.46,3434.17,3452.83
2025-11-06 05:00:00,3452.83,3452.83,3410.06,3413.11
2025-11-06 06:30:00,3413.12,3414.99,3372.3,3384.71
2025-11-06 10:00:00,3384.72,3394.7,3361.0,3388.03
2025-11-06 10:30:00,3388.03,3415.0,3387.25,3393.7
2025-11-06 11:00:00,3393.7,3405.96,3380.77,3404.3
2025-11-06 11:30:00,3404.31,3407.79,3395.1,3399.4
2025-11-06 12:00:00,3399.39,3404.78,3372.52,3374.19
2025-11-06 12:30:00,3374.19,3382.36,3342.43,3349.5
2025-11-06 13:00:00,3349.5,3398.61,3349.49,3393.13
2025-11-06 13:30:00,3393.13,3403.52,3383.83,3391.03
2025-11-06 14:00:00,3391.03,3400.37,3354.61,3361.98
2025-11-06 14:30:00,3361.99,3362.89,3319.44,3329.01
2025-11-06 15:00:00,3329.01,3365.67,3321.87,3343.43
2025-11-06 16:00:00,3343.44,3344.75,3276.54,3303.73
2025-11-06 16:30:00,3303.71,3303.71,3245.45,3276.59
2025-11-06 17:00:00,3276.6,3313.15,3270.7,3307.99
2025-11-06 17:30:00,3307.98,3340.71,3299.0,3329.65
2025-11-06 18:00:00,3329.65,3334.97,3295.33,3310.51
2025-11-06 19:30:00,3310.51,3352.37,3309.69,3325.8
2025-11-06 20:00:00,3325.86,3337.3,3305.49,3308.13
2025-11-06 20:30:00,3308.12,3312.45,3287.77,3306.41
2025-11-06 21:00:00,3306.41,3316.72,3292.7,3315.68
2025-11-06 21:30:00,3315.68,3335.57,3313.39,3326.04
2025-11-06 22:00:00,3326.04,3330.35,3308.26,3312.77
2025-11-06 22:30:00,3312.78,3323.12,3295.29,3319.61
2025-11-06 23:30:00,3319.61,3319.61,3290.4,3315.14
2025-11-07 00:00:00,3315.14,3329.41,3294.11,3301.4
2025-11-07 01:00:00,3301.41,3332.29,3294.39,3322.04
2025-11-07 01:30:00,3322.04,3325.14,3276.19,3324.79
2025-11-07 02:00:00,3324.79,3327.36,3304.26,3304.92
2025-11-07 02:30:00,3304.92,3352.38,3304.92,3346.66
2025-11-07 03:00:00,3346.68,3365.32,3343.22,3361.86
2025-11-07 03:30:00,3361.85,3362.29,3342.93,3345.12
2025-11-07 04:00:00,3345.12,3348.55,3329.54,3341.0
2025-11-07 04:30:00,3341.0,3341.0,3319.59,3338.42
2025-11-07 05:00:00,3338.42,3363.69,3337.69,3359.54
2025-11-07 06:00:00,3359.51,3369.99,3356.11,3360.72
2025-11-07 07:00:00,3360.72,3364.25,3340.0,3345.77
2025-11-07 07:30:00,3345.76,3359.5,3334.25,3358.42
2025-11-07 08:00:00,3358.41,3360.67,3343.12,3349.89
2025-11-07 08:30:00,3349.89,3350.7,3334.14,3342.04
2025-11-07 09:00:00,3342.04,3342.04,3305.54,3307.03
2025-11-07 09:30:00,3307.03,3312.76,3289.75,3301.48
2025-11-07 10:30:00,3301.47,3310.33,3272.47,3280.55
2025-11-07 11:30:00,3280.54,3280.54,3225.36,3259.97
2025-11-07 12:00:00,3259.97,3274.4,3210.01,3215.28
2025-11-07 12:30:00,3215.28,3225.1,3197.0,3223.05
2025-11-07 13:00:00,3223.04,3248.88,3214.41,3237.37
2025-11-07 13:30:00,3237.37,3249.76,3227.04,3240.99
2025-11-07 14:30:00,3240.99,3299.29,3194.2,3289.43
2025-11-07 15:30:00,3289.43,3318.35,3262.82,3297.52
2025-11-07 16:30:00,3297.52,3333.0,3273.99,3309.2
2025-11-07 17:00:00,3309.2,3387.31,3296.99,3378.17
2025-11-07 17:30:00,3378.17,3395.37,3365.48,3385.63
2025-11-07 18:00:00,3385.63,3422.73,3377.9,3421.29
2025-11-07 18:30:00,3421.28,3435.29,3411.02,3426.17
2025-11-07 19:00:00,3426.16,3439.82,3417.35,3428.02
2025-11-07 19:30:00,3428.03,3450.0,3427.87,3443.6
2025-11-07 20:00:00,3443.6,3452.36,3430.23,3444.76
2025-11-07 21:30:00,3444.8,3471.43,3444.8,3468.83
2025-11-07 22:00:00,3468.83,3473.0,3447.5,3459.19
2025-11-07 22:30:00,3459.19,3459.19,3443.79,3445.89
2025-11-07 23:00:00,3445.9,3449.93,3435.0,3437.48
2025-11-07 23:30:00,3437.49,3447.24,3433.23,3436.05
2025-11-08 01:30:00,3436.04,3448.84,3405.87,3437.27
2025-11-08 02:00:00,3437.26,3458.66,3432.58,3452.08
2025-11-08 02:30:00,3452.08,3460.0,3439.64,3440.9
2025-11-08 03:00:00,3440.91,3457.75,3439.55,3454.91
2025-11-08 03:30:00,3454.91,3467.64,3446.6,3454.19
2025-11-08 04:30:00,3454.18,3488.0,3449.01,3459.0
2025-11-08 05:00:00,3459.0,3466.99,3437.1,3445.6
2025-11-08 06:00:00,3445.61,3450.0,3418.6,3445.04
2025-11-08 06:30:00,3445.04,3455.0,3442.69,3445.45
2025-11-08 07:00:00,3445.46,3446.1,3424.93,3434.19
2025-11-08 07:30:00,3434.2,3451.47,3429.99,3447.9
2025-11-08 08:00:00,3447.89,3457.42,3436.16,3452.31
2025-11-08 08:30:00,3452.32,3473.42,3451.75,3454.73
2025-11-08 09:30:00,3454.74,3464.78,3438.96,3439.88
2025-11-08 10:00:00,3439.88,3448.92,3433.57,3448.31
2025-11-08 11:00:00,3448.31,3456.07,3443.48,3450.85
2025-11-08 11:30:00,3450.84,3451.49,3407.0,3413.03
2025-11-08 12:30:00,3413.02,3417.58,3398.49,3408.86
2025-11-08 13:00:00,3408.87,3410.68,3390.25,3401.02
2025-11-08 13:30:00,3400.96,3412.6,3390.46,3396.83
2025-11-08 14:00:00,3396.83,3401.25,3373.11,3385.72
2025-11-08 14:30:00,3385.71,3412.14,3384.96,3399.77
2025-11-08 15:00:00,3399.78,3403.98,3378.53,3382.93
2025-11-08 15:30:00,3382.93,3388.44,3370.36,3376.79
2025-11-08 16:00:00,3376.8,3383.91,3360.9,3376.11
2025-11-08 16:30:00,3376.12,3381.5,3355.58,3368.03
2025-11-08 17:00:00,3368.04,3392.55,3363.01,3390.19
2025-11-08 17:30:00,3390.19,3400.0,3386.84,3399.29
2025-11-08 18:00:00,3399.28,3399.44,3386.22,3389.51
2025-11-08 18:30:00,3389.51,3408.16,3389.37,3402.77
2025-11-08 21:00:00,3402.77,3406.49,3363.78,3402.79
2025-11-08 21:30:00,3402.79,3410.37,3401.05,3405.99
2025-11-08 22:00:00,3405.98,3405.99,3390.64,3403.97
2025-11-08 22:30:00,3403.96,3411.47,3398.85,3409.5
2025-11-08 23:30:00,3409.5,3415.62,3400.12,3401.51
2025-11-09 01:00:00,3401.51,3402.61,3373.12,3389.45
2025-11-09 02:00:00,3389.45,3403.97,3379.86,3393.09
2025-11-09 02:30:00,3393.08,3393.08,3364.7,3368.11
2025-11-09 03:30:00,3368.11,3378.16,3358.66,3375.8
2025-11-09 04:00:00,3375.8,3389.99,3372.1,3385.62
2025-11-09 04:30:00,3385.61,3386.59,3370.19,3374.69
2025-11-09 05:30:00,3374.69,3409.17,3372.54,3405.53
2025-11-09 06:00:00,3405.53,3411.0,3400.23,3408.72
2025-11-09 07:00:00,3408.72,3419.98,3402.6,3410.9
2025-11-09 07:30:00,3410.9,3427.37,3410.9,3422.78
2025-11-09 08:30:00,3422.79,3424.14,3409.67,3421.5
2025-11-09 09:00:00,3421.53,3435.13,3420.37,3424.61
2025-11-09 09:30:00,3424.61,3425.16,3399.35,3400.97
2025-11-09 10:00:00,3400.98,3400.98,3382.35,3395.5
2025-11-09 10:30:00,3395.49,3401.59,3384.95,3401.59
2025-11-09 11:00:00,3401.59,3424.6,3401.59,3420.33
2025-11-09 11:30:00,3420.34,3432.82,3414.88,3428.37
2025-11-09 13:00:00,3428.38,3464.26,3424.64,3450.93
2025-11-09 13:30:00,3450.93,3464.37,3447.35,3458.9
2025-11-09 14:00:00,3458.91,3554.5,3453.82,3554.5
2025-11-09 15:30:00,3554.49,3563.65,3502.06,3515.51
2025-11-09 16:00:00,3515.52,3522.91,3501.63,3520.09
2025-11-09 16:30:00,3520.09,3537.32,3511.09,3528.19
2025-11-09 17:00:00,3528.19,3531.65,3506.37,3514.87
2025-11-09 17:30:00,3514.88,3520.7,3504.0,3515.51
2025-11-09 18:00:00,3515.52,3522.2,3510.94,3514.46
2025-11-09 18:30:00,3514.46,3544.62,3512.7,3541.54
2025-11-09 19:00:00,3541.54,3558.5,3535.19,3557.8
2025-11-09 19:30:00,3557.8,3580.0,3554.36,3580.0
2025-11-09 22:30:00,3580.0,3597.76,3562.38,3587.35
2025-11-09 23:00:00,3587.36,3623.25,3575.02,3578.2
2025-11-10 00:00:00,3578.23,3606.4,3553.52,3596.77
2025-11-10 00:30:00,3596.77,3653.16,3592.55,3635.97
2025-11-10 02:00:00,3635.97,3658.98,3617.78,3625.66
2025-11-10 02:30:00,3625.67,3633.52,3613.23,3628.6
2025-11-10 03:30:00,3628.6,3647.77,3623.61,3627.47
2025-11-10 05:00:00,3627.48,3631.51,3603.87,3610.38
2025-11-10 06:30:00,3610.37,3612.89,3589.46,3605.64
2025-11-10 07:30:00,3605.64,3622.85,3603.97,3609.09
2025-11-10 08:00:00,3609.09,3615.79,3595.57,3605.96
2025-11-10 09:00:00,3605.95,3606.91,3586.02,3606.46
2025-11-10 10:00:00,3606.46,3631.32,3606.36,3613.78
2025-11-10 11:00:00,3613.78,3616.39,3603.92,3611.78
2025-11-10 11:30:00,3611.78,3621.35,3609.1,3610.57
2025-11-10 12:30:00,3610.57,3611.04,3584.68,3591.8
2025-11-10 13:00:00,3591.81,3617.62,3590.3,3607.01
2025-11-10 13:30:00,3607.02,3622.14,3607.02,3615.5
2025-11-10 14:00:00,3615.5,3615.59,3595.0,3604.34
2025-11-10 14:30:00,3604.34,3607.38,3529.39,3541.62
2025-11-10 15:00:00,3541.61,3551.75,3508.0,3546.15
2025-11-10 16:00:00,3546.15,3560.63,3508.01,3528.0
2025-11-10 16:30:00,3527.98,3537.9,3507.3,3530.11
2025-11-10 17:00:00,3530.1,3544.15,3523.18,3530.01
2025-11-10 19:00:00,3530.0,3560.75,3527.27,3542.87
2025-11-10 19:30:00,3542.88,3576.1,3536.8,3558.55
2025-11-10 20:00:00,3558.55,3579.23,3555.43,3566.08
2025-11-10 20:30:00,3566.09,3584.04,3559.38,3571.95
2025-11-10 21:00:00,3571.94,3572.54,3537.28,3539.98
2025-11-10 22:00:00,3539.99,3555.25,3529.41,3547.94
2025-11-10 22:30:00,3547.94,3580.0,3545.22,3575.91
2025-11-10 23:00:00,3575.91,3581.24,3567.56,3577.61
2025-11-10 23:30:00,3577.62,3580.33,3562.58,3567.85
2025-11-11 00:30:00,3567.85,3592.05,3552.84,3585.85
2025-11-11 01:00:00,3585.85,3648.27,3578.3,3619.99
2025-11-11 01:30:00,3620.0,3620.0,3574.8,3581.06
2025-11-11 02:00:00,3581.07,3593.97,3559.54,3593.97
2025-11-11 03:30:00,3593.97,3636.24,3592.24,3606.1
2025-11-11 04:00:00,3606.11,3610.48,3584.5,3584.71
2025-11-11 04:30:00,3584.71,3589.6,3572.79,3575.02
2025-11-11 05:00:00,3575.01,3575.93,3555.02,3564.18
2025-11-11 05:30:00,3564.19,3564.45,3544.5,3548.82
2025-11-11 06:00:00,3548.82,3557.71,3532.2,3550.24
2025-11-11 06:30:00,3550.25,3559.5,3539.8,3557.7
2025-11-11 07:00:00,3557.71,3566.91,3549.14,3559.29
2025-11-11 08:30:00,3559.29,3564.54,3542.03,3563.4
2025-11-11 10:00:00,3563.4,3587.05,3552.12,3562.08
2025-11-11 10:30:00,3562.08,3562.86,3549.15,3560.74
2025-11-11 11:00:00,3560.74,3581.52,3560.61,3577.29
2025-11-11 12:00:00,3577.29,3594.33,3565.75,3566.04
2025-11-11 13:30:00,3566.03,3573.43,3527.0,3532.65
2025-11-11 14:00:00,3532.65,3547.61,3522.65,3532.33
2025-11-11 14:30:00,3532.34,3533.18,3486.39,3529.92
2025-11-11 15:00:00,3529.91,3529.91,3485.87,3486.66
2025-11-11 16:00:00,3486.67,3495.81,3464.9,3475.35
2025-11-11 17:00:00,3475.37,3500.59,3469.76,3476.6
2025-11-11 17:30:00,3476.6,3478.49,3446.02,3473.65
2025-11-11 18:30:00,3473.64,3486.26,3460.81,3468.86
2025-11-11 19:00:00,3468.85,3469.95,3451.11,3464.67
2025-11-11 19:30:00,3464.66,3469.43,3450.32,3456.81
2025-11-11 20:00:00,3456.81,3461.79,3438.0,3447.76
2025-11-11 20:30:00,3447.76,3448.26,3429.24,3438.26
2025-11-11 21:00:00,3438.26,3449.5,3429.89,3438.72
2025-11-11 21:30:00,3438.72,3439.81,3408.19,3417.66
2025-11-11 22:00:00,3417.65,3435.66,3405.24,3432.63
2025-11-11 23:00:00,3432.63,3438.54,3417.22,3429.93
2025-11-11 23:30:00,3429.92,3429.92,3409.2,3417.76
2025-11-12 00:30:00,3417.76,3435.13,3410.0,3418.13
2025-11-12 01:30:00,3418.13,3453.06,3411.91,3447.45
2025-11-12 02:00:00,3447.44,3456.06,3436.06,3438.75
2025-11-12 02:30:00,3438.74,3438.74,3417.62,3427.23
2025-11-12 03:00:00,3427.23,3442.0,3421.74,3441.08
2025-11-12 03:30:00,3441.08,3446.17,3437.95,3439.1
2025-11-12 04:30:00,3439.11,3445.9,3432.36,3445.0
2025-11-12 05:00:00,3445.01,3458.07,3444.79,3449.16
2025-11-12 05:30:00,3449.16,3451.86,3443.94,3449.6
2025-11-12 06:00:00,3449.61,3457.79,3446.58,3453.02
2025-11-12 06:30:00,3453.02,3453.79,3439.11,3439.11
2025-11-12 07:30:00,3439.11,3452.78,3424.58,3428.23
2025-11-12 08:00:00,3428.24,3459.62,3428.24,3459.62
2025-11-12 08:30:00,3459.62,3480.83,3456.0,3468.47
2025-11-12 09:30:00,3468.48,3494.36,3465.65,3483.72
2025-11-12 10:00:00,3483.72,3515.0,3482.71,3510.1
2025-11-12 10:30:00,3510.1,3548.6,3509.79,3534.51
2025-11-12 13:00:00,3534.5,3570.06,3534.09,3562.98
2025-11-12 14:00:00,3562.98,3588.19,3558.81,3568.21
2025-11-12 14:30:00,3568.21,3571.45,3480.47,3502.28
2025-11-12 15:00:00,3502.27,3521.25,3463.26,3481.92
2025-11-12 15:30:00,3481.92,3497.07,3418.6,3427.85
2025-11-12 17:00:00,3427.85,3433.13,3371.65,3401.47
2025-11-12 17:30:00,3401.47,3453.45,3397.68,3429.55
2025-11-12 18:00:00,3429.55,3454.65,3429.55,3433.08
2025-11-12 18:30:00,3433.07,3445.7,3417.1,3423.87
2025-11-12 19:30:00,3423.86,3426.69,3372.81,3407.99
2025-11-12 20:00:00,3408.0,3430.81,3400.7,3425.65
2025-11-12 21:00:00,3425.65,3439.62,3410.39,3416.93
2025-11-12 21:30:00,3416.92,3424.44,3408.2,3423.03
2025-11-12 22:30:00,3423.04,3423.04,3392.0,3422.13
2025-11-12 23:00:00,3422.12,3423.58,3407.0,3410.5
2025-11-12 23:30:00,3410.5,3415.14,3403.71,3414.92
2025-11-13 00:00:00,3414.91,3423.71,3404.43,3404.67
2025-11-13 00:30:00,3404.67,3433.73,3404.67,3412.38
2025-11-13 01:00:00,3412.38,3453.84,3410.49,3434.11
2025-11-13 02:30:00,3434.17,3457.36,3423.0,3434.19
2025-11-13 03:00:00,3434.2,3451.12,3377.68,3450.6
2025-11-13 04:00:00,3450.6,3488.88,3434.03,3469.11
2025-11-13 05:00:00,3469.11,3491.54,3460.44,3485.27
2025-11-13 05:30:00,3485.28,3540.0,3483.35,3529.19
2025-11-13 06:00:00,3529.18,3547.77,3520.94,3537.45
2025-11-13 08:00:00,3537.46,3565.84,3531.69,3543.16
2025-11-13 08:30:00,3543.16,3546.36,3521.1,3524.07
2025-11-13 09:00:00,3524.08,3529.68,3490.38,3504.44
2025-11-13 09:30:00,3504.44,3515.03,3476.06,3486.43
2025-11-13 10:30:00,3486.43,3516.59,3486.43,3506.01
2025-11-13 11:00:00,3506.02,3518.26,3499.37,3502.88
2025-11-13 11:30:00,3502.88,3511.09,3495.41,3501.95
2025-11-13 12:00:00,3501.94,3506.26,3481.42,3487.18
2025-11-13 12:30:00,3487.19,3511.31,3487.18,3501.15
2025-11-13 13:00:00,3501.14,3501.99,3457.58,3468.49
2025-11-13 13:30:00,3468.49,3472.12,3426.43,3438.18
2025-11-13 15:00:00,3438.18,3478.54,3393.55,3409.99
2025-11-13 15:30:00,3409.99,3411.39,3367.03,3386.85
2025-11-13 16:00:00,3386.84,3398.24,3355.16,3367.99
2025-11-13 16:30:00,3368.0,3389.15,3323.58,3327.59
2025-11-13 17:00:00,3327.58,3328.98,3287.05,3308.74
2025-11-13 17:30:00,3308.73,3320.48,3253.02,3255.5
2025-11-13 18:00:00,3255.49,3264.59,3223.51,3239.72
2025-11-13 19:00:00,3239.73,3241.55,3184.08,3232.4
2025-11-13 19:30:00,3232.39,3234.61,3175.83,3197.69
2025-11-13 20:00:00,3197.69,3197.69,3154.22,3175.43
2025-11-13 20:30:00,3175.42,3206.37,3162.54,3171.65
2025-11-13 21:30:00,3171.65,3193.78,3159.97,3179.74
2025-11-13 22:00:00,3179.73,3219.4,3175.0,3216.32
2025-11-13 22:30:00,3216.31,3236.7,3205.0,3228.87
2025-11-13 23:00:00,3228.87,3257.93,3216.52,3254.05
2025-11-13 23:30:00,3254.05,3272.3,3228.25,3231.54
2025-11-14 00:30:00,3231.55,3240.64,3188.06,3200.93
2025-11-14 01:30:00,3200.93,3221.5,3186.2,3207.13
2025-11-14 02:00:00,3207.14,3247.0,3205.2,3237.06
2025-11-14 02:30:00,3237.06,3251.88,3230.43,3238.05
2025-11-14 03:00:00,3238.05,3239.93,3219.66,3233.28
2025-11-14 03:30:00,3233.28,3233.48,3208.0,3227.93
2025-11-14 04:00:00,3227.94,3228.26,3207.65,3215.18
2025-11-14 06:00:00,3215.18,3215.18,3104.66,3168.38
2025-11-14 06:30:00,3168.37,3225.91,3134.1,3222.42
2025-11-14 07:00:00,3222.42,3231.77,3194.05,3220.87
2025-11-14 07:30:00,3220.87,3241.32,3197.51,3215.59
2025-11-14 08:00:00,3215.6,3219.39,3188.0,3193.92
2025-11-14 09:00:00,3193.91,3215.55,3178.82,3188.53
2025-11-14 10:00:00,3188.52,3190.4,3150.87,3184.76
2025-11-14 10:30:00,3184.76,3196.69,3173.12,3176.2
2025-11-14 11:00:00,3176.19,3183.23,3146.91,3155.78
2025-11-14 11:30:00,3155.78,3157.47,3116.82,3144.35
2025-11-14 12:00:00,3144.34,3144.34,3111.84,3121.12
2025-11-14 12:30:00,3121.11,3133.4,3070.0,3126.42
2025-11-14 13:00:00,3126.43,3149.96,3088.63,3104.2
2025-11-14 13:30:00,3104.19,3134.15,3073.33,3121.74
2025-11-14 15:00:00,3121.74,3220.62,3107.78,3201.27
2025-11-14 16:00:00,3201.26,3250.0,3182.9,3237.62
2025-11-14 16:30:00,3237.62,3256.71,3228.01,3231.32
2025-11-14 17:00:00,3231.32,3245.38,3208.95,3216.65
2025-11-14 18:00:00,3216.66,3216.97,3161.35,3195.47
2025-11-14 18:30:00,3195.47,3202.51,3155.0,3168.81
2025-11-14 20:00:00,3168.8,3220.77,3160.03,3170.22
2025-11-14 22:00:00,3170.21,3183.27,3122.73,3169.06
2025-11-14 22:30:00,3169.06,3186.87,3148.51,3158.86
2025-11-15 01:00:00,3158.86,3158.86,3090.0,3147.5
2025-11-15 02:00:00,3147.49,3179.02,3147.49,3176.67
2025-11-15 02:30:00,3176.64,3193.74,3169.44,3193.31
2025-11-15 03:00:00,3193.31,3194.0,3183.76,3184.64
2025-11-15 03:30:00,3184.64,3185.39,3167.54,3179.16
2025-11-15 04:00:00,3179.17,3191.65,3172.33,3172.84
2025-11-15 04:30:00,3172.84,3175.65,3159.03,3171.99
2025-11-15 05:00:00,3172.0,3176.98,3161.35,3170.23
2025-11-15 05:30:00,3170.24,3183.36,3168.54,3178.49
2025-11-15 07:30:00,3178.5,3187.93,3166.54,3176.55
2025-11-15 08:00:00,3176.56,3177.98,3151.09,3158.31
2025-11-15 10:00:00,3158.31,3167.65,3134.23,3158.81
2025-11-15 10:30:00,3158.82,3171.52,3155.02,3169.0
2025-11-15 11:00:00,3169.0,3172.19,3158.73,3165.73
2025-11-15 11:30:00,3165.73,3166.69,3146.66,3152.52
2025-11-15 12:30:00,3152.52,3168.0,3147.37,3162.27
2025-11-15 13:00:00,3162.27,3181.88,3159.1,3178.34
2025-11-15 15:30:00,3178.34,3197.37,3172.13,3186.05
2025-11-15 16:00:00,3186.05,3187.8,3162.78,3170.16
2025-11-15 16:30:00,3170.15,3187.86,3167.56,3186.34
2025-11-15 17:30:00,3186.35,3219.47,3182.62,3214.99
2025-11-15 18:00:00,3214.99,3230.0,3208.89,3213.0
2025-11-15 18:30:00,3212.99,3217.87,3204.27,3208.1
2025-11-15 19:00:00,3208.09,3214.25,3198.33,3202.03
2025-11-15 19:30:00,3202.03,3202.03,3192.76,3197.88
2025-11-15 20:00:00,3197.89,3200.68,3186.4,3188.46
2025-11-15 20:30:00,3188.43,3188.89,3167.31,3174.91
2025-11-15 21:00:00,3174.9,3189.09,3172.98,3178.06
2025-11-15 23:30:00,3178.05,3181.0,3152.75,3167.88
2025-11-16 00:00:00,3167.87,3174.76,3148.0,3150.06
2025-11-16 00:30:00,3150.05,3163.91,3145.84,3152.59
2025-11-16 01:30:00,3152.59,3157.94,3131.78,3150.59
2025-11-16 02:00:00,3150.59,3185.7,3142.3,3178.0
2025-11-16 02:30:00,3178.0,3204.8,3175.45,3203.13
2025-11-16 04:00:00,3203.13,3210.0,3193.2,3197.79
2025-11-16 04:30:00,3197.79,3198.04,3187.03,3194.35
2025-11-16 05:30:00,3194.35,3215.93,3193.86,3204.95
2025-11-16 06:00:00,3204.95,3216.45,3200.97,3209.59
2025-11-16 07:00:00,3209.6,3212.78,3198.53,3206.16
2025-11-16 07:30:00,3206.15,3220.62,3206.15,3219.55
2025-11-16 09:00:00,3219.54,3228.0,3206.25,3215.44
2025-11-16 10:30:00,3215.44,3249.0,3214.38,3235.99
2025-11-16 11:00:00,3235.99,3237.87,3167.44,3173.29
2025-11-16 11:30:00,3173.29,3180.5,3160.36,3168.64
2025-11-16 12:00:00,3168.64,3182.6,3165.04,3171.94
2025-11-16 13:00:00,3171.95,3177.76,3154.88,3158.99
2025-11-16 14:00:00,3158.99,3167.17,3139.04,3156.28
2025-11-16 14:30:00,3156.28,3179.0,3154.25,3172.05
2025-11-16 15:00:00,3172.06,3180.76,3165.7,3170.67
2025-11-16 15:30:00,3170.67,3175.41,3099.23,3105.44
2025-11-16 16:00:00,3105.45,3126.02,3071.82,3078.24
2025-11-16 16:30:00,3078.24,3086.11,3058.24,3061.6
2025-11-16 17:30:00,3061.59,3088.46,3026.0,3079.84
2025-11-16 18:00:00,3079.84,3128.0,3072.89,3094.46
2025-11-16 18:30:00,3094.49,3094.49,3043.04,3060.44
2025-11-16 19:30:00,3060.45,3116.28,3057.61,3091.09
2025-11-16 20:30:00,3091.09,3117.21,3085.29,3089.32
2025-11-16 21:30:00,3089.32,3096.89,3058.4,3073.63
2025-11-16 22:00:00,3073.64,3083.85,3043.76,3077.9
2025-11-16 23:00:00,3077.9,3103.9,3004.0,3091.09
2025-11-17 00:00:00,3091.09,3123.12,3069.0,3121.65
2025-11-17 00:30:00,3121.65,3140.95,3108.59,3136.32
2025-11-17 01:00:00,3136.33,3147.72,3119.63,3141.19
2025-11-17 02:30:00,3141.18,3160.35,3111.61,3149.4
2025-11-17 03:30:00,3149.4,3180.42,3148.06,3176.6
2025-11-17 06:00:00,3176.59,3193.67,3165.93,3190.41
2025-11-17 06:30:00,3190.41,3197.55,3182.02,3194.0
2025-11-17 07:00:00,3194.01,3204.7,3189.04,3193.05
2025-11-17 08:00:00,3193.04,3208.52,3191.22,3197.96
2025-11-17 11:00:00,3197.97,3216.84,3179.88,3208.01
2025-11-17 11:30:00,3208.0,3223.38,3195.02,3204.12
2025-11-17 12:00:00,3204.12,3204.38,3188.11,3192.83
2025-11-17 12:30:00,3192.83,3196.8,3182.23,3183.7
2025-11-17 13:00:00,3183.7,3188.96,3144.74,3149.04
2025-11-17 14:00:00,3149.03,3155.74,3095.09,3120.93
2025-11-17 14:30:00,3120.92,3210.88,3114.78,3152.26
2025-11-17 15:30:00,3152.26,3166.65,3105.44,3121.04
2025-11-17 16:00:00,3121.04,3122.72,3064.21,3092.26
2025-11-17 17:00:00,3092.25,3142.56,3081.69,3099.77
2025-11-17 17:30:00,3099.77,3107.99,3054.07,3058.59
2025-11-17 18:00:00,3058.59,3081.04,3025.79,3028.2
2025-11-17 18:30:00,3028.2,3054.01,3020.0,3024.98
2025-11-17 19:00:00,3024.97,3038.97,3006.58,3012.47
2025-11-17 19:30:00,3012.47,3032.8,2972.88,2982.27
2025-11-17 20:00:00,2982.27,3003.83,2959.46,2989.04
2025-11-17 20:30:00,2989.03,3022.08,2975.0,3004.66
2025-11-17 22:00:00,3004.64,3027.94,2984.81,3023.28
2025-11-17 22:30:00,3023.27,3032.53,3019.0,3023.54
2025-11-17 23:00:00,3023.55,3027.25,3006.11,3017.81
2025-11-17 23:30:00,3017.81,3031.45,3012.48,3031.44
2025-11-18 00:30:00,3031.44,3040.94,2991.16,3032.85
2025-11-18 01:00:00,3032.86,3050.05,3019.0,3025.65
2025-11-18 01:30:00,3025.65,3039.33,3014.04,3017.59
2025-11-18 02:00:00,3017.58,3038.8,2978.17,3037.2
2025-11-18 02:30:00,3037.21,3045.04,2978.7,2985.5
2025-11-18 03:00:00,2985.5,2988.69,2946.56,2965.61
2025-11-18 07:00:00,2965.61,3027.94,2953.34,3009.98
2025-11-18 07:30:00,3009.98,3034.5,3004.56,3024.44
2025-11-18 08:00:00,3024.44,3044.93,3024.44,3034.05
2025-11-18 08:30:00,3034.05,3068.0,3032.16,3060.19
2025-11-18 09:30:00,3060.19,3067.24,3028.39,3060.5
2025-11-18 10:00:00,3060.5,3069.0,3050.53,3061.14
2025-11-18 11:30:00,3061.14,3074.45,3052.44,3058.01
2025-11-18 12:00:00,3058.0,3063.81,3039.36,3047.3
2025-11-18 12:30:00,3047.3,3066.09,3041.61,3049.76
2025-11-18 13:00:00,3049.76,3051.48,3032.71,3036.53
2025-11-18 13:30:00,3036.53,3051.1,3022.09,3048.34
2025-11-18 14:00:00,3048.33,3069.0,3032.31,3058.18
2025-11-18 15:00:00,3058.18,3119.0,3034.0,3109.23
2025-11-18 15:30:00,3109.24,3123.69,3095.01,3106.87
2025-11-18 16:00:00,3106.87,3160.0,3099.39,3156.8
2025-11-18 16:30:00,3156.81,3168.91,3146.15,3152.18
2025-11-18 17:00:00,3152.18,3159.0,3122.36,3125.35
2025-11-18 17:30:00,3125.35,3140.0,3120.08,3135.36
2025-11-18 18:00:00,3135.36,3154.6,3135.36,3143.36
2025-11-18 19:00:00,3143.36,3169.95,3143.36,3161.11
2025-11-18 20:00:00,3161.11,3162.5,3135.59,3147.86
2025-11-18 20:30:00,3147.87,3149.48,3122.72,3123.2
2025-11-18 21:00:00,3123.19,3131.18,3114.15,3123.99
2025-11-18 21:30:00,3123.99,3124.0,3097.21,3098.25
2025-11-18 22:00:00,3098.25,3128.24,3097.66,3126.3
2025-11-18 22:30:00,3126.3,3129.77,3119.0,3125.55
2025-11-18 23:30:00,3125.55,3126.45,3107.56,3123.66
2025-11-19 01:30:00,3123.65,3124.17,3077.88,3105.1
2025-11-19 02:30:00,3105.1,3125.54,3097.88,3113.93
2025-11-19 03:00:00,3113.94,3118.33,3091.37,3092.49
2025-11-19 03:30:00,3092.49,3092.49,3069.59,3073.02
2025-11-19 04:00:00,3073.01,3076.83,3062.35,3069.98
2025-11-19 04:30:00,3069.98,3070.13,3045.81,3048.57
2025-11-19 05:00:00,3048.57,3052.67,3024.16,3025.93
2025-11-19 05:30:00,3025.92,3026.16,2992.23,3017.56
2025-11-19 06:00:00,3017.56,3033.7,3010.6,3031.75
2025-11-19 06:30:00,3031.74,3045.03,3030.83,3041.15
2025-11-19 07:00:00,3041.15,3061.72,3039.25,3051.44
2025-11-19 07:30:00,3051.43,3087.71,3048.1,3084.96
2025-11-19 08:30:00,3084.97,3100.31,3072.5,3080.21
2025-11-19 09:00:00,3080.2,3080.61,3053.55,3064.61
2025-11-19 09:30:00,3064.61,3088.24,3064.61,3088.24
2025-11-19 11:00:00,3088.24,3112.55,3083.51,3087.55
2025-11-19 11:30:00,3087.54,3095.06,3077.54,3083.51
2025-11-19 12:00:00,3083.51,3095.56,3081.01,3092.73
2025-11-19 12:30:00,3092.73,3108.76,3086.03,3100.82
2025-11-19 13:00:00,3100.82,3101.36,3085.04,3095.02
2025-11-19 13:30:00,3095.04,3098.38,3057.76,3067.36
2025-11-19 14:30:00,3067.36,3070.26,3023.89,3060.51
2025-11-19 15:00:00,3060.52,3106.2,3026.33,3035.11
2025-11-19 15:30:00,3035.11,3036.96,2967.0,2973.16
2025-11-19 16:00:00,2973.15,3000.0,2955.25,2960.91
2025-11-19 16:30:00,2960.91,2967.4,2936.62,2950.19
2025-11-19 17:00:00,2950.19,2961.22,2912.5,2935.09
2025-11-19 17:30:00,2935.08,2938.0,2900.0,2922.85
2025-11-19 18:30:00,2922.84,2929.68,2880.49,2899.75
2025-11-19 19:00:00,2899.74,2905.84,2875.02,2882.37
2025-11-19 19:30:00,2882.36,2891.12,2873.64,2881.66
2025-11-19 20:00:00,2881.66,2919.6,2875.0,2919.58
2025-11-19 20:30:00,2919.57,2957.32,2907.89,2945.29
2025-11-19 22:30:00,2945.3,3002.0,2939.13,2984.54
2025-11-19 23:00:00,2984.54,3024.8,2984.54,3013.38
2025-11-20 00:00:00,3013.38,3042.2,3004.41,3036.88
2025-11-20 01:00:00,3036.89,3049.14,3018.21,3028.51
2025-11-20 01:30:00,3028.52,3050.5,3028.52,3047.51
2025-11-20 03:30:00,3047.51,3058.0,3029.33,3038.98
2025-11-20 04:00:00,3038.99,3041.61,3017.4,3019.66
2025-11-20 04:30:00,3019.66,3055.0,3017.53,3054.01
2025-11-20 05:00:00,3054.02,3063.61,3037.04,3037.37
2025-11-20 05:30:00,3037.37,3044.68,3032.98,3035.38
2025-11-20 06:00:00,3035.37,3042.5,3025.88,3028.62
2025-11-20 06:30:00,3028.63,3030.45,3006.89,3020.81
2025-11-20 07:00:00,3020.81,3033.17,3015.5,3027.81
2025-11-20 08:30:00,3027.81,3044.75,3022.6,3030.85
2025-11-20 09:00:00,3030.85,3033.93,3012.0,3013.98
2025-11-20 10:00:00,3013.97,3018.91,2993.91,3017.49
2025-11-20 10:30:00,3017.5,3020.86,3006.14,3015.3
2025-11-20 11:00:00,3015.3,3017.41,3002.0,3004.6
2025-11-20 12:00:00,3004.6,3027.48,3004.44,3019.8
2025-11-20 12:30:00,3019.81,3033.0,3015.0,3028.86
2025-11-20 13:30:00,3028.87,3049.58,2996.28,2999.81
2025-11-20 14:00:00,2999.82,3018.43,2963.68,3013.02
2025-11-20 14:30:00,3013.02,3022.7,2978.19,3000.7
2025-11-20 15:00:00,3000.7,3003.48,2961.97,2988.26
2025-11-20 15:30:00,2988.26,2996.73,2952.39,2955.68
2025-11-20 16:00:00,2955.65,2961.28,2883.73,2890.45
2025-11-20 16:30:00,2890.44,2898.76,2848.01,2862.68
2025-11-20 18:00:00,2862.65,2873.62,2807.35,2824.23
2025-11-20 19:00:00,2824.22,2846.57,2790.01,2839.45
2025-11-20 19:30:00,2839.44,2855.28,2822.5,2847.9
2025-11-20 20:00:00,2847.89,2855.05,2819.55,2851.56
2025-11-20 20:30:00,2851.55,2856.54,2829.84,2835.29
2025-11-20 21:00:00,2835.3,2884.69,2834.63,2864.97
2025-11-20 21:30:00,2864.98,2897.63,2863.28,2879.65
2025-11-20 22:00:00,2879.64,2905.58,2876.18,2901.53
2025-11-20 22:30:00,2901.53,2905.93,2881.49,2886.17
2025-11-20 23:00:00,2886.16,2891.54,2856.01,2864.45
2025-11-21 00:00:00,2864.46,2865.98,2826.49,2856.42
2025-11-21 00:30:00,2856.41,2870.0,2848.07,2861.08
2025-11-21 01:30:00,2861.11,2886.73,2851.69,2862.09
2025-11-21 02:00:00,2862.1,2862.18,2822.22,2838.19
2025-11-21 06:30:00,2838.18,2847.94,2772.84,2790.2
2025-11-21 07:00:00,2790.2,2801.21,2755.87,2756.76
2025-11-21 09:30:00,2756.77,2762.23,2669.0,2681.42
2025-11-21 10:00:00,2681.41,2708.85,2663.01,2686.27
2025-11-21 10:30:00,2686.28,2717.14,2686.27,2696.8
2025-11-21 11:00:00,2696.8,2722.98,2695.26,2710.79
2025-11-21 11:30:00,2710.78,2718.76,2674.49,2688.42
2025-11-21 12:00:00,2688.42,2693.98,2623.57,2639.0
2025-11-21 12:30:00,2639.01,2743.17,2639.01,2727.59
2025-11-21 13:00:00,2727.59,2762.0,2711.06,2736.68
2025-11-21 13:30:00,2736.69,2769.61,2729.77,2741.79
2025-11-21 14:00:00,2741.79,2747.91,2718.65,2727.57
2025-11-21 15:00:00,2727.56,2781.83,2723.99,2729.64
2025-11-21 15:30:00,2729.64,2736.17,2687.55,2705.32
2025-11-21 16:00:00,2705.31,2719.11,2675.0,2718.64
2025-11-21 16:30:00,2718.63,2764.0,2704.21,2762.8
2025-11-21 17:30:00,2762.81,2806.84,2754.89,2780.48
2025-11-21 18:00:00,2780.49,2783.15,2716.49,2747.9
2025-11-21 19:00:00,2747.89,2794.49,2744.95,2777.91
2025-11-21 19:30:00,2777.91,2782.2,2740.22,2752.24
2025-11-21 20:00:00,2752.23,2756.21,2709.21,2711.28
2025-11-21 20:30:00,2711.27,2752.0,2708.55,2737.86
2025-11-21 21:00:00,2737.83,2770.41,2731.49,2764.87
2025-11-21 21:30:00,2764.88,2777.01,2760.32,2767.23
2025-11-21 22:00:00,2767.22,2774.09,2748.69,2751.92
2025-11-21 23:00:00,2751.92,2761.0,2713.15,2761.0
2025-11-21 23:30:00,2760.99,2769.8,2754.0,2765.85
2025-11-22 01:00:00,2765.86,2780.59,2758.21,2771.93
2025-11-22 01:30:00,2771.93,2784.12,2768.07,2774.7
2025-11-22 02:00:00,2774.7,2777.49,2749.89,2757.02
2025-11-22 02:30:00,2757.03,2757.17,2739.76,2752.84
2025-11-22 03:30:00,2752.84,2757.73,2742.25,2752.27
2025-11-22 04:00:00,2752.27,2754.36,2726.79,2736.49
2025-11-22 05:30:00,2736.5,2750.0,2726.66,2744.48
2025-11-22 06:00:00,2744.49,2754.37,2732.59,2751.37
2025-11-22 06:30:00,2751.38,2768.53,2750.64,2766.26
2025-11-22 07:00:00,2766.26,2771.0,2757.34,2760.32
2025-11-22 07:30:00,2760.32,2764.88,2754.65,2756.21
2025-11-22 08:00:00,2756.21,2756.36,2727.19,2729.01
2025-11-22 08:30:00,2729.01,2737.89,2718.82,2729.89
2025-11-22 09:30:00,2729.89,2739.78,2721.27,2725.74
2025-11-22 10:00:00,2725.74,2731.5,2708.43,2710.75
2025-11-22 11:00:00,2710.76,2740.46,2704.33,2736.32
2025-11-22 11:30:00,2736.32,2743.0,2734.4,2735.16
2025-11-22 12:00:00,2735.16,2736.05,2713.74,2717.22
2025-11-22 12:30:00,2717.22,2724.39,2711.01,2721.08
2025-11-22 13:30:00,2721.08,2734.55,2712.0,2719.49
2025-11-22 15:30:00,2719.49,2754.45,2718.5,2738.92
2025-11-22 16:00:00,2738.92,2755.44,2735.2,2749.32
2025-11-22 16:30:00,2749.31,2759.02,2745.31,2755.48
2025-11-22 18:00:00,2755.49,2758.44,2744.97,2750.93
2025-11-22 18:30:00,2750.94,2754.69,2743.02,2752.5
2025-11-22 19:00:00,2752.5,2757.5,2748.31,2750.92
2025-11-22 19:30:00,2750.93,2754.03,2744.85,2750.65
2025-11-22 20:00:00,2750.65,2756.87,2750.09,2754.72
2025-11-22 21:30:00,2754.72,2754.84,2733.72,2747.5
2025-11-22 22:00:00,2747.5,2768.25,2741.85,2759.38
2025-11-23 01:00:00,2759.37,2799.01,2757.47,2787.59
2025-11-23 01:30:00,2787.59,2815.73,2785.18,2808.44
2025-11-23 02:00:00,2808.45,2825.21,2804.37,2818.59
2025-11-23 02:30:00,2818.58,2834.33,2817.9,2821.12
2025-11-23 03:00:00,2821.12,2822.86,2809.73,2813.89
2025-11-23 03:30:00,2813.88,2824.95,2811.59,2824.77
2025-11-23 05:00:00,2824.77,2852.17,2819.76,2824.35
2025-11-23 05:30:00,2824.35,2827.47,2813.1,2825.35
2025-11-23 06:00:00,2825.35,2832.47,2820.0,2820.83
2025-11-23 06:30:00,2820.83,2821.28,2806.0,2810.33
2025-11-23 08:00:00,2810.34,2812.34,2777.2,2807.14
2025-11-23 08:30:00,2807.15,2815.73,2803.16,2811.53
2025-11-23 09:30:00,2811.53,2823.98,2806.09,2816.45
2025-11-23 10:30:00,2816.45,2816.87,2802.88,2808.73
2025-11-23 11:00:00,2808.72,2817.82,2803.72,2812.73
2025-11-23 11:30:00,2812.73,2820.61,2812.73,2815.54
2025-11-23 12:00:00,2815.54,2847.01,2813.98,2835.46
2025-11-23 12:30:00,2835.46,2850.0,2830.75,2835.42
2025-11-23 13:00:00,2835.43,2837.0,2822.51,2832.14
2025-11-23 14:00:00,2832.13,2858.16,2824.99,2829.27
2025-11-23 14:30:00,2829.26,2837.97,2812.49,2814.88
2025-11-23 15:00:00,2814.88,2825.91,2810.12,2818.98
2025-11-23 15:30:00,2818.98,2840.15,2816.24,2836.5
2025-11-23 16:00:00,2836.49,2846.8,2819.87,2822.77
2025-11-23 16:30:00,2822.77,2832.04,2798.04,2800.05
2025-11-23 17:00:00,2800.06,2808.17,2786.86,2807.4
2025-11-23 17:30:00,2807.39,2807.39,2786.63,2792.72
2025-11-23 18:00:00,2792.72,2812.0,2791.92,2803.49
2025-11-23 18:30:00,2803.49,2816.92,2801.62,2808.87
2025-11-23 19:00:00,2808.88,2828.73,2807.24,2821.49
2025-11-23 21:00:00,2821.49,2840.16,2817.28,2839.0
2025-11-23 21:30:00,2839.0,2845.0,2828.61,2841.58
2025-11-23 22:30:00,2841.58,2844.72,2824.52,2838.7
2025-11-23 23:00:00,2838.7,2843.49,2796.13,2806.2
2025-11-23 23:30:00,2806.19,2808.0,2794.74,2802.16
2025-11-24 00:00:00,2802.16,2802.16,2763.0,2784.78
2025-11-24 01:00:00,2784.78,2803.5,2775.13,2791.49
2025-11-24 01:30:00,2791.49,2807.49,2778.36,2806.24
2025-11-24 04:30:00,2806.25,2870.29,2802.87,2824.81
2025-11-24 07:30:00,2824.81,2885.75,2822.72,2830.27
2025-11-24 08:00:00,2830.26,2833.22,2822.0,2825.59
2025-11-24 08:30:00,2825.58,2843.09,2822.22,2838.99
2025-11-24 15:00:00,2838.98,2848.63,2785.04,2822.17
2025-11-24 15:30:00,2822.15,2860.37,2817.41,2846.47
2025-11-24 16:00:00,2846.47,2863.98,2842.82,2850.61
2025-11-24 16:30:00,2850.6,2874.99,2846.07,2858.77
2025-11-24 17:00:00,2858.77,2917.42,2856.57,2915.63
2025-11-24 17:30:00,2915.62,2944.03,2905.19,2940.03
2025-11-24 18:30:00,2940.02,2963.61,2930.05,2957.53
2025-11-24 19:00:00,2957.52,2979.63,2955.12,2973.12
2025-11-24 21:00:00,2973.13,2987.0,2952.51,2965.86
2025-11-24 21:30:00,2965.86,2973.36,2947.77,2959.18
2025-11-24 22:00:00,2959.18,2980.04,2956.07,2961.27
2025-11-24 22:30:00,2961.26,2966.22,2952.31,2960.57
2025-11-24 23:00:00,2960.56,2968.76,2954.81,2967.59
2025-11-24 23:30:00,2967.58,2967.58,2952.09,2953.38
2025-11-25 00:00:00,2953.38,2953.38,2933.22,2934.14
2025-11-25 01:00:00,2934.14,2950.81,2931.84,2940.27
2025-11-25 01:30:00,2940.27,2945.25,2918.2,2919.27
2025-11-25 02:30:00,2919.27,2934.48,2908.7,2930.71
2025-11-25 03:00:00,2930.71,2936.29,2920.43,2926.88
2025-11-25 03:30:00,2926.87,2926.87,2904.39,2911.99
2025-11-25 04:00:00,2911.99,2930.01,2910.01,2928.15
2025-11-25 04:30:00,2928.15,2943.03,2927.52,2937.56
2025-11-25 05:30:00,2937.57,2938.57,2918.47,2928.61
2025-11-25 06:00:00,2928.61,2928.61,2914.62,2915.69
2025-11-25 07:00:00,2915.68,2926.99,2912.32,2915.11
2025-11-25 07:30:00,2915.11,2921.41,2901.75,2902.77
2025-11-25 08:00:00,2902.77,2909.18,2897.8,2904.94
2025-11-25 08:30:00,2904.94,2904.95,2868.56,2871.7
2025-11-25 09:00:00,2871.7,2878.45,2865.09,2870.77
2025-11-25 10:00:00,2870.77,2893.0,2870.73,2890.94
2025-11-25 11:30:00,2890.94,2899.99,2888.22,2891.01
2025-11-25 12:00:00,2891.01,2930.36,2889.88,2920.75
2025-11-25 12:30:00,2920.74,2933.23,2913.6,2927.14
2025-11-25 13:00:00,2927.13,2934.0,2919.65,2928.23
2025-11-25 14:00:00,2928.23,2933.29,2898.84,2913.41
2025-11-25 14:30:00,2913.4,2913.4,2857.58,2881.32
2025-11-25 15:00:00,2881.3,2897.63,2857.32,2884.61
2025-11-25 15:30:00,2884.62,2915.44,2884.61,2895.45
2025-11-25 16:00:00,2895.46,2929.88,2887.38,2929.87
2025-11-25 16:30:00,2929.88,2938.0,2917.3,2929.33
2025-11-25 17:30:00,2929.33,2952.3,2920.37,2936.41
2025-11-25 18:00:00,2936.41,2958.53,2935.26,2949.49
2025-11-25 18:30:00,2949.5,2956.36,2922.95,2924.21
2025-11-25 19:30:00,2924.2,2928.0,2872.09,2922.95
2025-11-25 20:00:00,2922.96,2938.09,2916.66,2931.37
2025-11-25 20:30:00,2931.38,2943.14,2928.66,2929.1
2025-11-25 21:00:00,2929.11,2940.49,2923.23,2937.21
2025-11-25 21:30:00,2937.21,2945.66,2930.81,2931.31
2025-11-25 22:00:00,2931.3,2936.0,2907.42,2931.43
2025-11-25 22:30:00,2931.43,2978.23,2927.9,2970.42
2025-11-25 23:00:00,2970.42,2980.82,2959.99,2962.6
2025-11-25 23:30:00,2962.61,2970.67,2953.67,2959.36
2025-11-26 00:00:00,2959.36,2971.95,2953.86,2961.76
2025-11-26 01:00:00,2961.75,2963.19,2945.6,2960.08
2025-11-26 02:00:00,2960.09,2984.0,2957.98,2964.42
2025-11-26 02:30:00,2964.41,2970.0,2956.38,2956.8
2025-11-26 03:00:00,2956.8,2964.83,2952.64,2959.8
2025-11-26 03:30:00,2959.74,2959.74,2922.08,2927.2
2025-11-26 04:00:00,2927.19,2938.44,2921.11,2935.07
2025-11-26 05:30:00,2935.08,2953.32,2930.27,2944.51
2025-11-26 06:00:00,2944.51,2954.67,2935.29,2939.46
2025-11-26 06:30:00,2939.46,2948.84,2932.25,2946.38
2025-11-26 07:00:00,2946.38,2949.6,2939.38,2946.01
2025-11-26 08:00:00,2946.0,2949.27,2923.37,2924.73
2025-11-26 08:30:00,2924.74,2927.93,2912.0,2913.04
2025-11-26 09:00:00,2913.03,2917.54,2908.31,2911.43
2025-11-26 09:30:00,2911.43,2914.37,2902.12,2907.21
2025-11-26 10:00:00,2907.21,2917.88,2905.84,2915.15
2025-11-26 10:30:00,2915.15,2915.71,2905.71,2914.22
2025-11-26 11:00:00,2914.22,2917.99,2909.47,2910.79
2025-11-26 13:00:00,2910.79,2917.99,2888.69,2913.9
2025-11-26 13:30:00,2913.89,2936.65,2908.04,2934.25
2025-11-26 15:30:00,2934.26,2947.4,2905.17,2927.41
2025-11-26 16:00:00,2927.4,2957.51,2926.37,2944.3
2025-11-26 16:30:00,2944.3,2959.5,2935.3,2946.25
2025-11-26 17:00:00,2946.25,2979.7,2939.23,2975.85
2025-11-26 17:30:00,2975.84,3034.87,2971.9,3026.89
2025-11-26 18:00:00,3026.88,3045.0,3023.31,3038.33
2025-11-26 19:30:00,3038.32,3039.99,3013.93,3032.28
2025-11-26 20:00:00,3032.28,3032.28,3009.45,3021.51
2025-11-26 20:30:00,3021.51,3028.19,3008.53,3024.86
2025-11-26 21:00:00,3024.85,3032.28,3015.9,3031.53
2025-11-26 21:30:00,3031.52,3035.91,3020.51,3021.7
2025-11-26 22:30:00,3021.7,3033.6,3018.59,3027.88
2025-11-26 23:00:00,3027.87,3033.47,3018.07,3018.58
2025-11-26 23:30:00,3018.59,3029.85,3017.26,3026.56
2025-11-27 00:00:00,3026.56,3028.19,3004.61,3016.86
2025-11-27 00:30:00,3016.86,3048.0,3014.98,3035.59
2025-11-27 01:00:00,3035.59,3050.71,3028.06,3032.81
2025-11-27 01:30:00,3032.81,3057.3,3029.84,3052.6
2025-11-27 02:30:00,3052.6,3071.37,3036.78,3037.46
2025-11-27 03:00:00,3037.46,3052.0,3035.91,3046.22
2025-11-27 03:30:00,3046.22,3046.22,3030.1,3033.53
2025-11-27 05:00:00,3033.53,3053.98,3031.76,3038.57
2025-11-27 08:30:00,3038.56,3038.56,3017.45,3028.18
2025-11-27 09:00:00,3028.17,3039.5,3025.46,3030.74
2025-11-27 09:30:00,3030.74,3044.73,3027.24,3027.93
2025-11-27 10:30:00,3027.93,3036.1,3021.89,3034.69
2025-11-27 11:00:00,3034.69,3036.17,3027.93,3028.37
2025-11-27 11:30:00,3028.38,3032.47,3023.46,3028.54
2025-11-27 12:00:00,3028.54,3030.49,3010.01,3014.1
2025-11-27 12:30:00,3014.1,3016.98,2988.66,2991.3
2025-11-27 13:30:00,2991.3,3002.01,2988.05,2995.34
2025-11-27 14:00:00,2995.34,2999.29,2985.78,2998.19
2025-11-27 14:30:00,2998.18,2999.42,2987.19,2996.32
2025-11-27 15:00:00,2996.33,3009.78,2990.42,3004.64
2025-11-27 15:30:00,3004.64,3014.66,2998.78,3010.97
2025-11-27 16:00:00,3010.97,3026.48,3004.83,3017.02
2025-11-27 17:00:00,3017.03,3027.17,3015.02,3016.56
2025-11-27 17:30:00,3016.56,3022.03,3013.15,3020.03
2025-11-27 18:00:00,3020.02,3029.01,3016.46,3022.98
2025-11-27 19:30:00,3022.97,3039.99,3021.14,3032.02
2025-11-27 20:00:00,3032.01,3040.01,3030.36,3037.23
2025-11-27 20:30:00,3037.29,3044.44,3036.08,3038.93
2025-11-27 21:30:00,3038.93,3043.97,3030.09,3032.36
2025-11-28 00:30:00,3032.36,3034.5,3003.88,3014.62
2025-11-28 01:00:00,3014.61,3017.01,2995.19,3001.76
2025-11-28 02:00:00,3001.75,3009.41,2994.36,2999.28
2025-11-28 03:30:00,2999.28,3015.3,2999.28,3008.63
2025-11-28 04:00:00,3008.64,3018.46,3005.7,3014.5
2025-11-28 04:30:00,3014.5,3019.63,3013.0,3017.4
2025-11-28 05:30:00,3017.4,3028.94,3015.21,3024.47
2025-11-28 06:00:00,3024.46,3024.47,3010.0,3011.32
2025-11-28 06:30:00,3011.31,3014.24,3003.35,3010.01
2025-11-28 07:00:00,3010.01,3023.13,3008.63,3021.6
2025-11-28 07:30:00,3021.61,3021.61,3000.7,3001.91
2025-11-28 08:00:00,3001.9,3022.23,3001.59,3018.13
2025-11-28 13:00:00,3018.12,3077.77,3015.35,3035.75
2025-11-28 13:30:00,3035.75,3087.67,3033.82,3073.91
2025-11-28 15:30:00,3073.91,3099.0,3052.02,3073.77
2025-11-28 16:00:00,3073.78,3074.4,3027.02,3029.52
2025-11-28 16:30:00,3029.52,3039.35,3021.6,3025.59
2025-11-28 17:00:00,3025.6,3031.21,3011.22,3017.7
2025-11-28 17:30:00,3017.69,3044.25,3015.12,3034.78
2025-11-28 18:30:00,3034.76,3049.01,3024.41,3042.61
2025-11-28 19:00:00,3042.6,3056.76,3037.5,3053.85
2025-11-28 19:30:00,3053.85,3060.0,3047.66,3050.0
2025-11-28 20:00:00,3049.99,3056.7,3036.05,3053.76
2025-11-28 21:00:00,3053.77,3059.48,3043.57,3048.77
2025-11-28 21:30:00,3048.77,3053.19,3036.13,3036.55
2025-11-28 22:00:00,3036.56,3040.44,3020.57,3031.55
2025-11-28 22:30:00,3031.56,3042.84,3030.25,3039.53
2025-11-28 23:00:00,3039.54,3045.53,3036.69,3037.36
2025-11-29 00:00:00,3037.36,3038.28,3029.94,3036.5
2025-11-29 00:30:00,3036.49,3039.07,3030.01,3035.95
2025-11-29 01:00:00,3035.94,3052.64,3035.0,3039.17
2025-11-29 02:00:00,3039.16,3040.68,3032.35,3033.46
2025-11-29 02:30:00,3033.45,3035.95,3023.58,3030.51
2025-11-29 03:00:00,3030.51,3036.0,3024.43,3024.43
2025-11-29 03:30:00,3024.43,3025.1,3017.73,3022.6
2025-11-29 04:00:00,3022.61,3029.95,3020.0,3029.03
2025-11-29 05:30:00,3029.03,3045.6,3029.03,3033.21
2025-11-29 06:00:00,3033.21,3038.45,3013.99,3014.72
2025-11-29 09:30:00,3014.72,3017.09,2992.5,3002.05
2025-11-29 10:00:00,3002.05,3006.89,2986.09,3003.01
2025-11-29 10:30:00,3003.02,3007.95,2997.31,2997.32
2025-11-29 11:00:00,2997.31,3001.01,2992.08,2996.85
2025-11-29 11:30:00,2996.85,3002.86,2995.48,2999.82
2025-11-29 12:30:00,2999.82,3002.3,2992.68,2997.22
2025-11-29 13:00:00,2997.21,3000.37,2992.39,2999.74
2025-11-29 13:30:00,2999.75,3001.97,2997.22,2998.4
2025-11-29 14:00:00,2998.4,2998.72,2992.71,2994.87
2025-11-29 14:30:00,2994.86,2996.67,2986.4,2988.28
2025-11-29 17:00:00,2988.29,3014.09,2988.29,2994.16
2025-11-29 17:30:00,2994.15,2994.36,2966.88,2969.98
2025-11-29 18:00:00,2969.98,2979.41,2961.91,2974.54
2025-11-29 18:30:00,2974.54,2998.45,2971.65,2994.72
2025-11-29 19:00:00,2994.73,2999.81,2991.76,2996.26
2025-11-29 19:30:00,2996.27,2998.38,2984.0,2988.47
2025-11-29 20:00:00,2988.47,2993.13,2983.1,2991.11
2025-11-29 23:30:00,2991.12,2999.17,2982.49,2989.16
2025-11-30 00:30:00,2989.17,2999.67,2987.95,2997.31
2025-11-30 02:00:00,2997.31,3012.29,2996.33,3004.99
2025-11-30 02:30:00,3005.0,3007.05,2990.38,2990.96
2025-11-30 03:00:00,2990.96,2994.24,2975.3,2987.4
2025-11-30 04:30:00,2987.39,3005.43,2986.41,2998.49
2025-11-30 06:00:00,2998.49,2998.51,2985.69,2997.73
2025-11-30 06:30:00,2997.73,3000.85,2996.24,2997.86
2025-11-30 07:00:00,2997.86,3005.28,2996.25,3004.09
2025-11-30 11:00:00,3004.09,3018.48,3002.57,3004.85
2025-11-30 11:30:00,3004.85,3007.5,2999.94,3003.36
2025-11-30 12:00:00,3003.37,3011.97,3000.34,3009.57
2025-11-30 12:30:00,3009.56,3033.53,3007.35,3025.99
2025-11-30 13:00:00,3025.99,3050.41,3022.51,3046.83
2025-11-30 13:30:00,3046.83,3053.02,3040.6,3048.99
2025-11-30 14:00:00,3049.0,3051.01,3034.57,3039.37
2025-11-30 14:30:00,3039.37,3040.0,3027.41,3037.84
2025-11-30 15:30:00,3037.83,3037.83,3024.69,3028.69
2025-11-30 16:00:00,3028.69,3047.0,3028.24,3046.65
2025-11-30 16:30:00,3046.65,3049.34,3042.45,3043.57
2025-11-30 17:00:00,3043.57,3043.74,3031.49,3035.19
2025-11-30 17:30:00,3035.18,3044.33,3032.01,3041.01
2025-11-30 18:00:00,3041.02,3041.5,3031.03,3035.04
2025-11-30 18:30:00,3035.03,3037.54,3029.06,3036.9
2025-11-30 19:00:00,3036.9,3040.97,3030.26,3031.79
2025-11-30 19:30:00,3031.79,3037.13,3029.39,3034.71
2025-11-30 20:00:00,3034.71,3041.14,3029.69,3029.95
2025-11-30 20:30:00,3029.95,3031.27,3023.32,3028.94
2025-11-30 21:30:00,3028.94,3029.46,3014.93,3022.34
2025-11-30 22:00:00,3022.35,3036.74,3022.35,3028.54
2025-11-30 22:30:00,3028.52,3035.99,3021.13,3033.62
2025-11-30 23:00:00,3033.62,3035.47,3008.59,3008.6
2025-11-30 23:30:00,3008.59,3009.99,2989.06,2991.26
