timestamp,open,high,low,close,volume
2026-01-23 10:00:00,4.732,4.742,4.725,4.732,1203635
2026-01-23 10:30:00,4.732,4.737,4.708,4.711,4134599
2026-01-23 11:00:00,4.71,4.721,4.7,4.715,10096760
2026-01-23 11:30:00,4.716,4.724,4.701,4.711,5769947
2026-01-23 13:30:00,4.712,4.722,4.701,4.707,9362709
2026-01-23 14:00:00,4.708,4.718,4.7,4.717,3026891
2026-01-23 14:30:00,4.717,4.72,4.703,4.708,5455343
2026-01-23 15:00:00,4.708,4.708,4.687,4.704,28643896
2026-01-26 10:00:00,4.712,4.738,4.694,4.7,14669600
2026-01-26 10:30:00,4.7,4.751,4.699,4.75,7325903
2026-01-26 11:00:00,4.75,4.76,4.701,4.701,10800283
2026-01-26 11:30:00,4.701,4.724,4.696,4.717,4184643
2026-01-26 13:30:00,4.717,4.727,4.717,4.723,1393219
2026-01-26 14:00:00,4.722,4.737,4.716,4.722,2009039
2026-01-26 14:30:00,4.721,4.726,4.711,4.725,6039061
2026-01-26 15:00:00,4.725,4.729,4.708,4.712,12976781
2026-01-27 10:00:00,4.712,4.716,4.692,4.692,2439312
2026-01-27 10:30:00,4.692,4.721,4.679,4.712,3512373
2026-01-27 11:00:00,4.712,4.738,4.712,4.733,2669831
2026-01-27 11:30:00,4.733,4.735,4.724,4.725,664803
2026-01-27 13:30:00,4.725,4.729,4.721,4.723,314494
2026-01-27 14:00:00,4.722,4.74,4.722,4.737,738407
2026-01-27 14:30:00,4.736,4.742,4.72,4.724,4815747
2026-01-27 15:00:00,4.723,4.723,4.701,4.71,28236383
2026-01-28 10:00:00,4.725,4.731,4.706,4.721,10828992
2026-01-28 10:30:00,4.722,4.738,4.717,4.717,9630169
2026-01-28 11:00:00,4.717,4.734,4.704,4.709,22601895
2026-01-28 11:30:00,4.709,4.731,4.707,4.729,2529880
2026-01-28 13:30:00,4.729,4.743,4.713,4.714,7861776
2026-01-28 14:00:00,4.714,4.732,4.713,4.73,3152987
2026-01-28 14:30:00,4.731,4.738,4.73,4.738,1168865
2026-01-28 15:00:00,4.738,4.742,4.713,4.725,27203259
2026-01-29 10:00:00,4.724,4.732,4.715,4.72,2754608
2026-01-29 10:30:00,4.721,4.721,4.704,4.715,1543659
2026-01-29 11:00:00,4.715,4.724,4.713,4.72,1837376
2026-01-29 11:30:00,4.72,4.72,4.709,4.715,7799301
2026-01-29 13:30:00,4.715,4.725,4.714,4.722,8475115
2026-01-29 14:00:00,4.721,4.747,4.72,4.74,2505235
2026-01-29 14:30:00,4.741,4.779,4.736,4.76,3596514
2026-01-29 15:00:00,4.76,4.773,4.75,4.768,6944840
2026-01-30 10:00:00,4.736,4.758,4.71,4.711,3308761
2026-01-30 10:30:00,4.711,4.715,4.667,4.668,3303108
2026-01-30 11:00:00,4.665,4.702,4.642,4.698,3383001
2026-01-30 11:30:00,4.697,4.708,4.689,4.706,1655685
2026-01-30 13:30:00,4.705,4.735,4.705,4.731,1741999
2026-01-30 14:00:00,4.732,4.736,4.723,4.725,1085250
2026-01-30 14:30:00,4.724,4.728,4.712,4.714,1105241
2026-01-30 15:00:00,4.714,4.72,4.706,4.711,1119702
2026-02-02 10:00:00,4.68,4.714,4.677,4.711,2011126
2026-02-02 10:30:00,4.711,4.719,4.68,4.681,1581736
2026-02-02 11:00:00,4.68,4.686,4.665,4.667,1618008
2026-02-02 11:30:00,4.667,4.675,4.653,4.654,2100612
2026-02-02 13:30:00,4.657,4.658,4.634,4.637,3585786
2026-02-02 14:00:00,4.637,4.641,4.609,4.634,5338901
2026-02-02 14:30:00,4.634,4.646,4.616,4.616,4003129
2026-02-02 15:00:00,4.617,4.626,4.591,4.6,6272047
2026-02-03 10:00:00,4.64,4.658,4.636,4.648,3098747
2026-02-03 10:30:00,4.649,4.65,4.612,4.613,1188433
2026-02-03 11:00:00,4.612,4.613,4.585,4.603,1442754
2026-02-03 11:30:00,4.603,4.62,4.598,4.619,770534
2026-02-03 13:30:00,4.621,4.633,4.615,4.63,639076
2026-02-03 14:00:00,4.63,4.649,4.63,4.644,911238
2026-02-03 14:30:00,4.645,4.66,4.637,4.659,1010350
2026-02-03 15:00:00,4.66,4.668,4.657,4.664,1468315
2026-02-04 10:00:00,4.652,4.663,4.643,4.657,1667569
2026-02-04 10:30:00,4.658,4.672,4.655,4.664,1624000
2026-02-04 11:00:00,4.664,4.669,4.655,4.658,880200
2026-02-04 11:30:00,4.658,4.661,4.647,4.657,759904
2026-02-04 13:30:00,4.656,4.669,4.654,4.666,1609282
2026-02-04 14:00:00,4.666,4.679,4.663,4.668,1202946
2026-02-04 14:30:00,4.669,4.701,4.668,4.693,1551265
2026-02-04 15:00:00,4.695,4.709,4.695,4.707,1229894
2026-02-05 10:00:00,4.68,4.695,4.664,4.665,2391610
2026-02-05 10:30:00,4.665,4.676,4.653,4.662,1220352
2026-02-05 11:00:00,4.662,4.673,4.645,4.653,1066562
2026-02-05 11:30:00,4.652,4.667,4.651,4.656,580228
2026-02-05 13:30:00,4.656,4.666,4.65,4.666,792328
2026-02-05 14:00:00,4.666,4.689,4.657,4.679,853025
2026-02-05 14:30:00,4.68,4.685,4.673,4.679,495326
2026-02-05 15:00:00,4.679,4.69,4.677,4.679,1940396
2026-02-06 10:00:00,4.643,4.644,4.61,4.637,2367148
2026-02-06 10:30:00,4.636,4.673,4.632,4.669,1331505
2026-02-06 11:00:00,4.669,4.679,4.66,4.669,1346682
2026-02-06 11:30:00,4.669,4.685,4.665,4.68,1087779
2026-02-06 13:30:00,4.678,4.684,4.673,4.676,488955
2026-02-06 14:00:00,4.676,4.683,4.673,4.683,374275
2026-02-06 14:30:00,4.683,4.691,4.664,4.67,855130
2026-02-06 15:00:00,4.67,4.672,4.649,4.649,965263
2026-02-09 10:00:00,4.695,4.705,4.686,4.703,1992334
2026-02-09 10:30:00,4.702,4.72,4.701,4.716,1446866
2026-02-09 11:00:00,4.716,4.719,4.709,4.713,510112
2026-02-09 11:30:00,4.713,4.723,4.712,4.717,558105
2026-02-09 13:30:00,4.717,4.722,4.711,4.721,429848
2026-02-09 14:00:00,4.721,4.73,4.72,4.723,529944
2026-02-09 14:30:00,4.723,4.724,4.715,4.72,422119
2026-02-09 15:00:00,4.721,4.729,4.719,4.727,1121867
2026-02-10 10:00:00,4.733,4.735,4.72,4.729,1035099
2026-02-10 10:30:00,4.729,4.739,4.727,4.73,1488799
2026-02-10 11:00:00,4.729,4.735,4.728,4.729,347229
2026-02-10 11:30:00,4.729,4.731,4.722,4.727,343442
2026-02-10 13:30:00,4.725,4.735,4.723,4.731,1087885
2026-02-10 14:00:00,4.731,4.735,4.728,4.732,565844
2026-02-10 14:30:00,4.732,4.733,4.726,4.73,653311
2026-02-10 15:00:00,4.731,4.734,4.728,4.733,1283008
2026-02-11 10:00:00,4.727,4.732,4.72,4.722,531122
2026-02-11 10:30:00,4.723,4.725,4.714,4.723,499535
2026-02-11 11:00:00,4.724,4.729,4.721,4.725,376607
2026-02-11 11:30:00,4.726,4.729,4.72,4.724,471253
2026-02-11 13:30:00,4.724,4.729,4.723,4.727,338924
2026-02-11 14:00:00,4.727,4.73,4.722,4.726,385480
2026-02-11 14:30:00,4.726,4.729,4.721,4.722,515490
2026-02-11 15:00:00,4.722,4.725,4.72,4.723,602376
